<?xml version="1.0" encoding="UTF-8"?><?xml-stylesheet type='text/xsl' href='_UpgradeReport_Files/UpgradeReport.xslt'?><UpgradeLog>
<Properties><Property Name="Solution" Value="人力资源管理系统">
</Property><Property Name="解决方案文件" Value="E:\我的文档\Chap2\代码\人力资源管理系统.sln">
</Property><Property Name="Date" Value="2009年3月7日星期六">
</Property><Property Name="Time" Value="22:16">
</Property></Properties><Event ErrorLevel="0" Project="" Source="人力资源管理系统.sln" Description="文件已成功备份为 E:\我的文档\Chap2\代码\Backup\人力资源管理系统.sln">
</Event><Event ErrorLevel="0" Project="人力资源管理系统" Source="人力资源管理系统.csproj" Description="项目文件已成功备份为 E:\我的文档\Chap2\代码\Backup\人力资源管理系统.csproj">
</Event><Event ErrorLevel="0" Project="人力资源管理系统" Source="人力资源管理系统.csproj.user" Description="项目用户文件成功备份为 E:\我的文档\Chap2\代码\Backup\人力资源管理系统.csproj.user">
</Event><Event ErrorLevel="0" Project="人力资源管理系统" Source="AmendStafferInfo.cs" Description="文件已成功备份为 E:\我的文档\Chap2\代码\Backup\AmendStafferInfo.cs">
</Event><Event ErrorLevel="0" Project="人力资源管理系统" Source="AssemblyInfo.cs" Description="文件已成功备份为 E:\我的文档\Chap2\代码\Backup\AssemblyInfo.cs">
</Event><Event ErrorLevel="0" Project="人力资源管理系统" Source="DataGridNoActiveCellColumn.cs" Description="文件已成功备份为 E:\我的文档\Chap2\代码\Backup\DataGridNoActiveCellColumn.cs">
</Event><Event ErrorLevel="0" Project="人力资源管理系统" Source="DataSet1.cs" Description="文件已成功备份为 E:\我的文档\Chap2\代码\Backup\DataSet1.cs">
</Event><Event ErrorLevel="0" Project="人力资源管理系统" Source="DataSet11.cs" Description="文件已成功备份为 E:\我的文档\Chap2\代码\Backup\DataSet11.cs">
</Event><Event ErrorLevel="0" Project="人力资源管理系统" Source="DataSet2.cs" Description="文件已成功备份为 E:\我的文档\Chap2\代码\Backup\DataSet2.cs">
</Event><Event ErrorLevel="0" Project="人力资源管理系统" Source="HortationManage.cs" Description="文件已成功备份为 E:\我的文档\Chap2\代码\Backup\HortationManage.cs">
</Event><Event ErrorLevel="0" Project="人力资源管理系统" Source="IncomeTax.cs" Description="文件已成功备份为 E:\我的文档\Chap2\代码\Backup\IncomeTax.cs">
</Event><Event ErrorLevel="0" Project="人力资源管理系统" Source="LookupStafferInfo.cs" Description="文件已成功备份为 E:\我的文档\Chap2\代码\Backup\LookupStafferInfo.cs">
</Event><Event ErrorLevel="0" Project="人力资源管理系统" Source="MainFrm.cs" Description="文件已成功备份为 E:\我的文档\Chap2\代码\Backup\MainFrm.cs">
</Event><Event ErrorLevel="0" Project="人力资源管理系统" Source="OrgInfo.cs" Description="文件已成功备份为 E:\我的文档\Chap2\代码\Backup\OrgInfo.cs">
</Event><Event ErrorLevel="0" Project="人力资源管理系统" Source="PayoffHistory.cs" Description="文件已成功备份为 E:\我的文档\Chap2\代码\Backup\PayoffHistory.cs">
</Event><Event ErrorLevel="0" Project="人力资源管理系统" Source="PunishmentManage.cs" Description="文件已成功备份为 E:\我的文档\Chap2\代码\Backup\PunishmentManage.cs">
</Event><Event ErrorLevel="0" Project="人力资源管理系统" Source="SalaryManage.cs" Description="文件已成功备份为 E:\我的文档\Chap2\代码\Backup\SalaryManage.cs">
</Event><Event ErrorLevel="0" Project="人力资源管理系统" Source="SetOrgInfo.cs" Description="文件已成功备份为 E:\我的文档\Chap2\代码\Backup\SetOrgInfo.cs">
</Event><Event ErrorLevel="0" Project="人力资源管理系统" Source="DataSet1.xsx" Description="文件已成功备份为 E:\我的文档\Chap2\代码\Backup\DataSet1.xsx">
</Event><Event ErrorLevel="0" Project="人力资源管理系统" Source="DataSet2.xsx" Description="文件已成功备份为 E:\我的文档\Chap2\代码\Backup\DataSet2.xsx">
</Event><Event ErrorLevel="0" Project="人力资源管理系统" Source="DataSet1.xsd" Description="文件已成功备份为 E:\我的文档\Chap2\代码\Backup\DataSet1.xsd">
</Event><Event ErrorLevel="0" Project="人力资源管理系统" Source="DataSet11.xsd" Description="文件已成功备份为 E:\我的文档\Chap2\代码\Backup\DataSet11.xsd">
</Event><Event ErrorLevel="0" Project="人力资源管理系统" Source="DataSet2.xsd" Description="文件已成功备份为 E:\我的文档\Chap2\代码\Backup\DataSet2.xsd">
</Event><Event ErrorLevel="0" Project="人力资源管理系统" Source="hrm.ico" Description="文件已成功备份为 E:\我的文档\Chap2\代码\Backup\hrm.ico">
</Event><Event ErrorLevel="0" Project="人力资源管理系统" Source="AmendStafferInfo.resx" Description="文件已成功备份为 E:\我的文档\Chap2\代码\Backup\AmendStafferInfo.resx">
</Event><Event ErrorLevel="0" Project="人力资源管理系统" Source="DataGridNoActiveCellColumn.resx" Description="文件已成功备份为 E:\我的文档\Chap2\代码\Backup\DataGridNoActiveCellColumn.resx">
</Event><Event ErrorLevel="0" Project="人力资源管理系统" Source="HortationManage.resx" Description="文件已成功备份为 E:\我的文档\Chap2\代码\Backup\HortationManage.resx">
</Event><Event ErrorLevel="0" Project="人力资源管理系统" Source="IncomeTax.resx" Description="文件已成功备份为 E:\我的文档\Chap2\代码\Backup\IncomeTax.resx">
</Event><Event ErrorLevel="0" Project="人力资源管理系统" Source="LookupStafferInfo.resx" Description="文件已成功备份为 E:\我的文档\Chap2\代码\Backup\LookupStafferInfo.resx">
</Event><Event ErrorLevel="0" Project="人力资源管理系统" Source="MainFrm.resx" Description="文件已成功备份为 E:\我的文档\Chap2\代码\Backup\MainFrm.resx">
</Event><Event ErrorLevel="0" Project="人力资源管理系统" Source="OrgInfo.resx" Description="文件已成功备份为 E:\我的文档\Chap2\代码\Backup\OrgInfo.resx">
</Event><Event ErrorLevel="0" Project="人力资源管理系统" Source="PayoffHistory.resx" Description="文件已成功备份为 E:\我的文档\Chap2\代码\Backup\PayoffHistory.resx">
</Event><Event ErrorLevel="0" Project="人力资源管理系统" Source="PunishmentManage.resx" Description="文件已成功备份为 E:\我的文档\Chap2\代码\Backup\PunishmentManage.resx">
</Event><Event ErrorLevel="0" Project="人力资源管理系统" Source="SalaryManage.resx" Description="文件已成功备份为 E:\我的文档\Chap2\代码\Backup\SalaryManage.resx">
</Event><Event ErrorLevel="0" Project="人力资源管理系统" Source="SetOrgInfo.resx" Description="文件已成功备份为 E:\我的文档\Chap2\代码\Backup\SetOrgInfo.resx">
</Event><Event ErrorLevel="0" Project="人力资源管理系统" Source="人力资源管理系统.csproj" Description="项目已成功转换">
</Event><Event ErrorLevel="3" Project="人力资源管理系统" Source="人力资源管理系统.csproj" Description="Converted">
</Event><Event ErrorLevel="0" Project="" Source="人力资源管理系统.sln" Description="成功转换解决方案">
</Event><Event ErrorLevel="3" Project="" Source="人力资源管理系统.sln" Description="Converted">
</Event><Event ErrorLevel="0" Project="人力资源管理系统" Source="人力资源管理系统.csproj" Description="扫描完成: 项目文件不需要升级。">
</Event></UpgradeLog>